assert_statement,final_result,comment
"assert (issame(generate_integers(2, 10) , {2, 4, 6, 8}));",pass,"<think>
Okay, so I'm trying to figure out whether the assertion `assert (issame(generate_integers(2, 10) , {2, 4, 6, 8}));` passes or fails based on the provided LLVM IR code. Hmm, I'm not super familiar with LLVM IR, but I'll try to break it down step by step.

First, I need to understand what the `generate_integers` function is supposed to do. From the function name, it sounds like it generates a sequence of integers. The assertion is checking if the output of `generate_integers(2, 10)` is the same as the set {2, 4, 6, 8}. So, I'm guessing the function is supposed to generate even numbers starting from 2 up to, but not including, 10. That would give 2,4,6,8, which matches the set in the assertion.

Looking at the LLVM IR code, the function is defined as `@_Z17generate_integersii`, which I think is the mangled name for `generate_integers`. It takes a `std::vector` as an out parameter and two integers, %1 and %2. So, the function probably populates this vector with the generated integers.

Let me look at the code inside the function. The first few lines compute %4 as `icmp slt i32 %2, %1`, which is checking if %2 is less than %1. Then, %5 and %6 are selected based on this condition. So, if %2 < %1, %5 is %1 and %6 is %2; otherwise, %5 is %2 and %6 is %1. This suggests that the function is setting up a range from the smaller to the larger of the two inputs.

Wait, but in the assertion, the arguments are 2 and 10. So, since 2 < 10, %5 would be 2 and %6 would be 10. So the loop should run from 2 up to 10, but I need to see how it's being used.

Looking further, there's a loop starting at label 12. The variables %13, %14, %15 are being used as phi nodes, which suggests they're tracking some state across loop iterations. The loop condition at the end checks if %16 (the current value) is equal to %5 (which is 2 in this case), and if so, it exits the loop.

Wait, no, looking closer, the loop condition is `br i1 %76, label %11, label %12, !llvm.loop !12`. So, %76 is `icmp eq i32 %16, %5`. Since %5 is 2, the loop continues as long as %16 is not equal to 2. But wait, that doesn't make sense because %16 starts at %6, which is 10. Hmm, maybe I'm misunderstanding.

Wait, let's see. The initial value of %16 is %6, which is 10. Then, in each iteration, %16 is incremented by 1 (since %75 is `add i32 %16, 1`). So, the loop runs while %16 is not equal to %5, which is 2. But wait, if %16 starts at 10 and increments by 1 each time, it will go 10,11,12,... which will never be equal to 2. That can't be right. Maybe I'm misinterpreting the condition.

Wait, perhaps I got the condition backwards. Let me check: %76 is `icmp eq i32 %16, %5`. So, if %16 equals %5, it breaks out of the loop. But %5 is 2, and %16 starts at 10. So, the loop would run until %16 becomes 2, but since it's incrementing, that would never happen. That doesn't make sense. Maybe I'm missing something.

Wait, perhaps the loop is structured differently. Let me trace the variables. The loop starts at label 12. The phi nodes for %13, %14, %15, and %16 are initialized to null and %6 (which is 10). So, in the first iteration, %16 is 10.

Then, there's a check at label 20: `br i1 %20, label %21, label %71`. %20 is the result of `and i1 %17, %19`. %17 is `icmp slt i32 %16, 10`, which is true if 10 < 10? No, 10 is not less than 10, so %17 is false. So, %20 is false, and the branch goes to label 71.

Wait, but label 71 is inside the loop, right? So, in the first iteration, it goes to label 71, which updates the phi nodes and increments %16 to 11. Then, it loops back to label 12.

Wait, but this would cause an infinite loop because %16 starts at 10 and keeps increasing. It will never reach 2, so the loop condition %76 will never be true. That can't be right because the function must terminate. So, perhaps I'm misunderstanding the loop structure.

Alternatively, maybe the loop is designed to run while %16 is less than 10, but I'm not seeing that. Let me check the code again.

Wait, looking back, the initial %5 is 2 and %6 is 10 because %1 is 2 and %2 is 10, and since 2 < 10, %5 is 2 and %6 is 10. So, the loop is supposed to generate numbers from 2 up to 10, but perhaps it's only including even numbers.

Wait, in the loop, there's a check at label 17: `icmp slt i32 %16, 10`. So, if %16 is less than 10, it proceeds. Then, %18 is `and i32 %16, 1`, which is checking if %16 is even or odd. If it's even, %18 is 0; if odd, 1. Then, %19 is `icmp eq i32 %18, 0`, which is true if %16 is even.

So, the condition at label 20 is `and i1 %17, %19`, which is true only if %16 is less than 10 AND even. So, the loop body (label 21) is only executed for even numbers less than 10.

Wait, but in the first iteration, %16 is 10. So, %17 is `10 < 10` which is false. So, the condition is false, and it skips the loop body, going to label 71, where %16 is incremented to 11. Next iteration, %16 is 11, which is greater than 10, so the loop exits because the loop condition is based on %16 not equal to %5 (2). Wait, no, the loop condition is `br i1 %76, label %11, label %12`, where %76 is `%16 == %5 (2)`. So, when %16 is 11, it's not equal to 2, so it loops again.

Wait, this seems like it's an infinite loop because %16 keeps increasing and will never reach 2. That can't be right. Maybe I'm misunderstanding the loop structure.

Alternatively, perhaps the loop is designed to run from %6 (10) down to %5 (2), but the way it's set up, it's incrementing, not decrementing. So, maybe there's a mistake in the code, or perhaps I'm misinterpreting it.

Wait, looking at the code again, the function starts by initializing the vector. It does a memset to zero out the vector's memory. Then, it enters the loop.

In the loop, it checks if %16 is less than 10 and even. If so, it adds the number to the vector. Otherwise, it proceeds to reallocate the vector's memory if necessary.

Wait, perhaps the loop is supposed to generate numbers starting from %6 (10) and decrement, but the code is incrementing. That would explain why it's not working as expected. Alternatively, maybe the loop is supposed to run from %5 to %6, but the way it's structured is causing it to run indefinitely.

Alternatively, perhaps the loop is correctly structured, and I'm just not seeing it. Let me try to simulate the first few iterations.

Initial state:
%16 = 10
%13, %14, %15 are null.

First iteration:
At label 12, %16 is 10.
Check %17: 10 < 10? No. So, condition is false. Go to label 71.
In label 71, increment %16 to 11.
Loop back to label 12.

Second iteration:
%16 is 11.
%17: 11 < 10? No. Condition false. Go to 71.
Increment to 12.

This continues until %16 reaches a very high value, which would cause an integer overflow, but that's not happening here. So, the loop never enters the body where it adds elements to the vector because %16 starts at 10 and goes up, never being less than 10.

Wait, that can't be right because the function is supposed to generate numbers. So, perhaps I'm misunderstanding the initial setup.

Wait, maybe the initial %5 and %6 are swapped. Let me check: %5 is select %4, %1, %2. Since %4 is icmp slt %2, %1, which is 10 < 2? No, so %4 is false. So, %5 is %2 (10), and %6 is %1 (2). Oh! So, I was wrong earlier. So, %5 is 10, and %6 is 2.

So, the loop condition is `br i1 %76, label %11, label %12`, where %76 is `%16 == %5 (10)`. So, the loop runs while %16 is not equal to 10.

Wait, but %16 starts at %6, which is 2. So, in the first iteration, %16 is 2. Then, in each iteration, it increments by 1. So, the loop runs from 2 up to 10, but the condition is to stop when %16 equals 10.

Wait, no, because the loop continues as long as %16 is not equal to 10. So, when %16 is 10, it exits.

So, the loop runs for %16 = 2,3,4,...,9,10. But wait, when %16 is 10, the loop exits. So, the loop runs for 2 to 10, but the condition inside the loop (label 20) is checking if %16 is less than 10 and even.

So, for %16 = 2: 2 <10 is true, and 2 is even. So, it adds 2 to the vector.

%16 increments to 3: 3 <10 is true, but 3 is odd, so it doesn't add.

%16=4: even, add.

And so on, until %16=10: loop exits.

So, the vector should contain 2,4,6,8,10? But the assertion is checking for {2,4,6,8}, which doesn't include 10. Hmm, that's a problem.

Wait, but in the code, the loop runs while %16 is not equal to 10. So, when %16 is 10, the loop exits. So, the last iteration is when %16 is 9, which is odd, so it's not added. Then, %16 becomes 10, loop exits.

Wait, no. Let me think again. The loop starts with %16=2. It runs the body, adds 2. Then increments to 3. Next iteration, %16=3, which is less than 10 but odd, so not added. Then 4, added. And so on until %16=9, which is odd, not added. Then, %16 becomes 10, loop condition checks if 10 !=10? No, so loop exits.

So, the vector should have 2,4,6,8. Because 10 is not added. Wait, but wait, when %16 is 10, the loop doesn't process it because it exits before the body. So, the last added number is 8, when %16 was 8. Then, %16 increments to 9, which is processed (but not added because it's odd), then to 10, loop exits.

So, the vector should contain 2,4,6,8, which matches the assertion.

Wait, but earlier I thought that the loop would include 10, but now I'm seeing that it doesn't. So, the function should generate the correct sequence.

But wait, looking at the code, in the loop body (label 21), when the condition is met (even and less than 10), it stores %16 into the vector. So, for %16=2,4,6,8, it adds them. Then, when %16=10, the loop exits without adding.

So, the vector should have four elements: 2,4,6,8.

Therefore, the assertion should pass.

But wait, I need to make sure that the vector is correctly built. Let me check the code where the elements are added.

In the loop body, when the condition is met (even and less than 10), it does:

store i32 %16, i32* %15, align 4
then, it gets the next element pointer and stores it into %7, which is the end pointer of the vector.

Wait, but I'm not entirely sure how the vector is being managed. The code seems to handle reallocation when necessary, but in this case, since the size is small, it might just append the elements.

So, putting it all together, the function should generate the numbers 2,4,6,8, which matches the assertion. Therefore, the assertion should pass.
</think>

The function `generate_integers` is designed to populate a vector with even integers starting from the smaller of the two input values up to, but not including, the larger value. In this case, with inputs 2 and 10, the function correctly generates the sequence {2, 4, 6, 8}, matching the assertion.

### final result
                - **assertion result**: **pass**"
"assert (issame(generate_integers(10, 2) , {2, 4, 6, 8}));",pass,"<think>
Okay, so I'm trying to figure out whether the assertion `assert (issame(generate_integers(10, 2) , {2, 4, 6, 8}));` passes or fails based on the provided LLVM IR code. Let me break this down step by step.

First, I need to understand what the `generate_integers` function is supposed to do. The function is written in C++ and compiled into LLVM IR. The assertion is checking if the output of `generate_integers(10, 2)` is the same as the set `{2, 4, 6, 8}`. So, I need to determine what the function does with these inputs.

Looking at the function signature in the IR: `define dso_local void @_Z17generate_integersii(%""class.std::vector""* noalias nocapture sret(%""class.std::vector"") align 8 %0, i32 %1, i32 %2)`. This suggests that the function takes a vector as an out parameter (sret), and two integers. The function name is mangled, but from the context, it's likely that it's generating integers in some pattern.

The first part of the function initializes some variables. It computes `%4 = icmp slt i32 %2, %1`, which is checking if `%2` is less than `%1`. Then, `%5` and `%6` are set using `select` based on this condition. So, if `%2 < %1`, `%5` is `%1` and `%6` is `%2`, else vice versa. This looks like it's setting a start and end for a loop, ensuring that the start is the smaller of the two.

Next, there are several `getelementptr` instructions getting pointers to elements of the vector. Then, a `memset` is called to zero out the vector's memory. This probably initializes the vector.

The function then enters a loop. The loop condition is determined by `%17 = icmp slt i32 %16, 10`, which checks if `%16` is less than 10. Wait, but the function was called with 10 and 2. So, the loop runs while `%16` is less than 10. But where is `%16` coming from?

Looking at the phi nodes in the loop, `%16` is initialized to `%6`, which is the end value. So, if the function was called with 10 and 2, since 2 < 10, `%5` would be 10 and `%6` would be 2. Wait, no, because the select for `%5` is `select i1 %4, i32 %1, i32 %2`. So if `%2 < %1`, `%5` is `%1` (10), and `%6` is `%2` (2). So the loop runs while `%16` is less than 10, starting from 2.

Wait, but the loop increments `%16` each time. So the loop would run from 2 up to 9, since 10 is not less than 10. So the values would be 2,3,4,...,9. But the assertion expects 2,4,6,8. So that's a problem. Unless there's a step involved.

Wait, looking deeper into the loop. Inside the loop, there's a check: `%18 = and i32 %16, 1`, which is checking if `%16` is odd. Then `%19 = icmp eq i32 %18, 0`, which is true if `%16` is even. So the loop body only executes when `%16` is even. That would mean the function is adding even numbers starting from 2 up to less than 10.

So the numbers added would be 2,4,6,8. That's exactly what the assertion expects. So the function should generate these four numbers.

But wait, let me make sure. The loop starts with `%16` as 2. Since 2 is even, it enters the loop body. It stores 2 in the vector, then increments to 3. Next iteration, 3 is odd, so it skips. Then 4 is even, adds 4, and so on until 9. So the vector should contain 2,4,6,8.

But I should check how the vector is being populated. Looking at the code, in the loop body, when the condition is met, it stores `%16` into the vector. So each even number is added once.

Wait, but the function is called with `generate_integers(10, 2)`. So the start is 2, end is 10. But the loop runs while `%16` is less than 10. So 2,4,6,8 are added, which are four elements. The assertion expects exactly these four numbers.

So the function should produce the correct sequence, and the assertion should pass.

But wait, let me check if the loop correctly handles the case when the start is greater than the end. Suppose if the function was called with `generate_integers(2,10)`, would it still work? In that case, `%5` would be 2 and `%6` would be 10. The loop would run from 2 to 9, adding even numbers. So same result.

Wait, no. Because in the initial select, if `%2` is 10 and `%1` is 2, then `%4` is false (since 10 is not less than 2), so `%5` is `%2` (10) and `%6` is `%1` (2). Then the loop condition is `%16` < 10, starting from 2. So same as before.

Wait, no. Because in that case, `%16` starts at 2, and the loop runs while 2 < 10, which is true. So it adds 2, then increments to 3, which is odd, skips. Then 4, adds, etc. So same result.

So regardless of the order of the arguments, the function starts from the smaller one and steps through even numbers up to less than the larger one.

Thus, the assertion should pass because the generated integers are indeed 2,4,6,8.
</think>

The function `generate_integers` initializes a vector and populates it with even integers starting from the smaller of the two input values up to, but not including, the larger value. When called with `generate_integers(10, 2)`, it correctly generates the sequence {2, 4, 6, 8}, matching the assertion.

### final result
                - **assertion result**: **pass**"
"assert (issame(generate_integers(132, 2) , {2, 4, 6, 8}));",pass,"<think>
Okay, so I'm trying to figure out whether the assertion `assert (issame(generate_integers(132, 2) , {2, 4, 6, 8}));` passes or fails based on the provided LLVM IR code. Hmm, let's break this down step by step.

First, I need to understand what the `generate_integers` function is supposed to do. From the function name, it seems like it's generating a sequence of integers. The parameters are 132 and 2. Wait, but in the assertion, the expected output is {2,4,6,8}, which is four even numbers starting from 2. So maybe the function is generating even numbers up to a certain count or value.

Looking at the LLVM IR code, the function is defined as `@_Z17generate_integersii`, which suggests it's a C++ function named `generate_integers` taking two integers. The function returns a `std::vector<int>`, as indicated by the `%""class.std::vector""` type.

Let me try to parse the IR code to understand the function's behavior. The function starts by comparing the two input integers, %1 and %2. It computes %4 as `icmp slt i32 %2, %1`, which is checking if %2 is less than %1. Then, %5 and %6 are selected based on this condition. So, if %2 < %1, %5 is %1 and %6 is %2; otherwise, %5 is %2 and %6 is %1. This suggests that the function is ensuring that the loop will iterate from the smaller to the larger value, but perhaps in a specific way.

Next, there are several `getelementptr` instructions to access the vector's internal pointers. The function then calls `llvm.memset` to zero-initialize the vector's memory. So, it's initializing the vector.

The main loop starts at label 12. It uses phi nodes to handle loop variables. The loop condition at the end checks if %16 (the current value) equals %5, which is the upper bound. So, the loop runs while %16 is less than or equal to %5.

Inside the loop, there's a condition checking if %16 is less than 10 and if it's even (since %18 is %16 & 1, and %19 checks if it's zero). So, the loop only processes even numbers less than 10. Wait, but in the assertion, the numbers go up to 8, which is less than 10. So that makes sense.

When the condition is met, the function stores the current value %16 into the vector, then increments the pointer and continues. If the vector needs to reallocate (when %15 equals %14, which are the begin and end pointers), it handles memory allocation, possibly throwing an error if it can't allocate, and then copies the data.

Putting this together, the function seems to generate even numbers starting from 2 up to the minimum of the two input parameters, but only if they are less than 10. Wait, no, because the condition is %16 < 10. So if the inputs are larger than 10, it stops at 8.

In the assertion, the inputs are 132 and 2. The function will determine %5 as the maximum of the two, which is 132, and %6 as the minimum, which is 2. But wait, no, looking back, %5 is the maximum, and %6 is the minimum. So the loop runs from %6 (2) to %5 (132). But inside the loop, it only adds the number if it's even and less than 10. So the numbers added would be 2,4,6,8. That's exactly what the assertion expects.

Wait, but the function's loop runs while %16 is less than or equal to %5 (132), but the inner condition only adds numbers when they're even and less than 10. So even though the loop goes up to 132, only the first four even numbers (2,4,6,8) are added. After that, when %16 reaches 10, the condition fails, and the loop continues but doesn't add any more numbers. So the vector will contain {2,4,6,8}, which matches the assertion.

So the assertion should pass because the generated vector has exactly those four elements in order.
</think>

The `generate_integers` function generates even numbers starting from 2 up to, but not including, 10. Given the inputs 132 and 2, the function correctly produces the sequence {2,4,6,8}, satisfying the assertion.

### final result
                - **assertion result**: **pass**"
"assert (issame(generate_integers(17,89) , {}));",pass,"<think>
Okay, so I'm trying to figure out whether the assertion `assert (issame(generate_integers(17,89) , {}));` passes or fails based on the provided LLVM IR code. Hmm, let's break this down step by step.

First, I need to understand what the `generate_integers` function does. From the function name, it seems like it's supposed to generate a sequence of integers. The function is called with arguments 17 and 89, and the assertion is checking if the result is the same as an empty set `{}`. So, the assertion expects that calling `generate_integers(17,89)` returns an empty vector or something similar.

Looking at the LLVM IR code, the function `@_Z17generate_integersii` is defined. It takes a pointer to a `std::vector` as the first argument, which is the output parameter, and two integers `%1` and `%2`. The function is a constructor or a generator that populates the vector.

Let me look at the code flow. The function starts by comparing `%2` and `%1` using `icmp slt`, which checks if `%2` is less than `%1`. The result of this comparison is stored in `%4`. Then, `%5` and `%6` are selected based on this condition. So, if `%2` < `%1`, `%5` is `%1` and `%6` is `%2`; otherwise, `%5` is `%2` and `%6` is `%1`. This suggests that the function is setting up a range from the smaller to the larger of the two input values.

Wait, but in the assertion, the inputs are 17 and 89. So, since 17 < 89, `%5` would be 17 and `%6` would be 89. So the function is probably generating integers from 17 up to 89.

Next, the function initializes some pointers using `getelementptr`. It's accessing the vector's internal pointers, probably the start, end, and capacity. Then it calls `memset` to zero out the vector's memory, which makes sense for initializing.

The function then enters a loop. The loop starts at label 12. The variables `%13`, `%14`, `%15`, and `%16` are initialized with phi nodes, which means their values depend on the loop iteration. `%16` starts with `%6`, which is 89, and increments by 1 each iteration.

Inside the loop, there's a condition: `%17` checks if `%16` is less than 10. Wait, that's interesting. So if the current number is less than 10, it proceeds. Then `%18` is the bitwise AND of `%16` and 1, which checks if the number is odd. `%19` checks if this result is zero, meaning the number is even. So `%20` is true only if the number is less than 10 AND even.

So the loop will only process even numbers less than 10. That means numbers 2, 4, 6, 8. But wait, the initial range is from 17 to 89. So the loop starts at 89 and decrements? Or increments? Let me check the loop condition.

Looking at the end of the loop, `%75` adds 1 to `%16`, so it's incrementing. But wait, the initial value of `%16` is 89, and it's being incremented each time. So the loop is actually counting upwards from 89, but the condition `%17` is checking if it's less than 10. That doesn't make sense because 89 is way larger than 10. So the condition `%20` would be false from the very beginning.

Wait, maybe I'm misunderstanding the loop. Let me see: the loop starts with `%16` = 89. Then, in the first iteration, it checks if 89 < 10, which is false. So it skips the body of the loop and goes to the end, where it increments `%16` to 90 and loops again. But since 90 is also not less than 10, this will loop indefinitely until `%16` reaches 10, which it never does because it's incrementing. That can't be right. Maybe I'm misinterpreting the loop structure.

Wait, perhaps the loop is actually a do-while loop. Let me check the branch instructions. The loop starts at label 12, and at the end, there's a branch to label 12 again if `%76` is not equal to `%5`. Wait, `%5` is 17, and `%16` starts at 89. So the loop continues until `%16` equals 17. But since `%16` is being incremented each time, starting from 89, it will go 89,90,91,... up to 17, which is impossible because 89 is larger than 17. So the loop condition `%76` is checking if `%16` equals `%5` (17), and if not, it loops again. But since `%16` starts at 89 and increases, it will never equal 17. So the loop will run indefinitely, which doesn't make sense.

Wait, perhaps I made a mistake. Let me re-examine the code. The function starts by comparing `%2` and `%1`. If `%2` < `%1`, then `%5` is `%1` (17) and `%6` is `%2` (89). Otherwise, it's the other way around. So in this case, since 17 < 89, `%5` is 17 and `%6` is 89. Then, in the loop, `%16` is initialized to `%6` (89), and each iteration increments `%16` by 1. The loop continues until `%16` equals `%5` (17). But since 89 is greater than 17, and we're incrementing, the loop condition will never be met. So the loop will run forever, which is impossible. That suggests that perhaps the loop is actually a count-down, but the code shows it's incrementing.

Wait, maybe I'm misinterpreting the loop. Let me check the branch at the end: `br i1 %76, label %11, label %12, !llvm.loop !12`. So if `%76` is true (i.e., `%16` equals `%5`), it exits the loop to label 11, which is the return. Otherwise, it loops back to label 12. So the loop runs while `%16` is not equal to `%5`. But since `%16` starts at 89 and increments, it will never reach 17, so the loop is infinite. That can't be right because the function must terminate.

Hmm, perhaps I'm misunderstanding the initial setup. Let me check the phi nodes. The phi nodes for `%13`, `%14`, `%15`, and `%16` are initialized with null for `%13`, `%14`, `%15`, and `%6` (89) for `%16`. So in the first iteration, `%16` is 89. Then, after each iteration, `%16` is incremented by 1. So the loop will run from 89 upwards, but the condition to exit is when `%16` equals 17, which is impossible. So the loop will never exit, causing an infinite loop.

But that can't be correct because the function is supposed to return a vector. So perhaps I'm missing something. Maybe the loop isn't supposed to run when the start is higher than the end. Let me think: if the function is called with 17 and 89, and it's supposed to generate numbers from 17 to 89, but the loop is set up incorrectly.

Wait, perhaps the initial comparison is wrong. Let me look again: `%4 = icmp slt i32 %2, %1` which is 89 < 17? No, 89 is not less than 17, so `%4` is false. So `%5` is `%2` (89) and `%6` is `%1` (17). Oh wait, no! Wait, the select instruction: `%5 = select i1 %4, i32 %1, i32 %2`. So if `%4` is true (i.e., %2 < %1), then `%5` is %1, else %2. Similarly, `%6` is select %4, %2, %1. So when %2 < %1 is false, `%5` is %2 (89), and `%6` is %1 (17). So the loop is from 89 down to 17? But the loop increments `%16` each time, starting from 89, so it's going up, not down.

Wait, that's a problem. Because if the function is supposed to generate numbers from the smaller to the larger, but in this case, since 17 < 89, the loop starts at 89 and increments, which would go beyond. So the loop would run from 89 upwards, but the condition to exit is when it reaches 17, which it never does. So the function would loop infinitely, which is not possible.

But that can't be right because the function must return. So perhaps the loop is actually a do-while loop that runs at least once, but in this case, the condition is such that it would cause an infinite loop. Alternatively, maybe the function is supposed to handle the case where the start is greater than the end by not adding any elements, thus returning an empty vector.

Wait, let's think about the condition inside the loop. The loop only adds elements if the current number is less than 10 and even. So even if the loop is running, it's only adding numbers less than 10 and even. But in this case, the loop starts at 89 and goes up, so none of the numbers would be less than 10. Therefore, the loop would run, but the condition to add elements would never be met, so the vector remains empty.

Wait, but the loop is infinite because it's incrementing from 89 upwards and never reaches 17. So the function would not return, causing a timeout or something. But that's not possible because the function is supposed to return a vector. So perhaps the function is designed to handle cases where the start is greater than the end by not entering the loop at all.

Wait, looking back, the initial comparison is `%4 = icmp slt i32 %2, %1`. So if %2 < %1, which is 89 < 17? No, so %4 is false. Then, the function proceeds to label 12, where the loop starts. But the loop's condition is based on `%16` reaching %5, which is 89. So the loop will run while `%16` is not equal to 89. But `%16` starts at 89, so the loop doesn't run at all. Wait, that makes sense! Because if the start is greater than the end, the loop doesn't execute, and the vector remains empty.

Wait, let me clarify. The function starts by setting `%5` to the maximum of %1 and %2, and `%6` to the minimum. So when %1=17 and %2=89, %5=89 and %6=17. Then, the loop initializes `%16` to %6, which is 17. The loop runs while `%16` is less than %5 (89). So it's a standard loop from 17 to 88, incrementing each time.

Wait, no, because the loop condition is `br i1 %76, label %11, label %12`. `%76` is `icmp eq i32 %16, %5`. So the loop continues as long as `%16` is not equal to %5. So if %5 is 89, the loop runs while %16 is not 89. So %16 starts at 17, and each iteration increments by 1, so it will run for 17,18,...,88, and then when %16 becomes 89, it exits.

So the loop runs from 17 to 88, inclusive. Inside the loop, it checks if the current number is less than 10 and even. So numbers 2,4,6,8 would be added. But wait, the loop starts at 17, which is greater than 10, so the condition `%17` (icmp slt %16, 10) would be false. Therefore, the loop would run from 17 to 88, but none of the numbers would be added to the vector because they are all >=10. So the vector remains empty.

Therefore, the function `generate_integers(17,89)` would return an empty vector, which matches the assertion `issame(generate_integers(17,89), {})`. So the assertion should pass.

Wait, but let me double-check. The loop runs from 17 to 88, and for each number, it checks if it's less than 10 and even. Since all numbers in this range are >=17, which is greater than 10, the condition is never true. So no elements are added to the vector, and it remains empty. Thus, the assertion that the result is the same as an empty set would be true.
</think>

The function `generate_integers(17,89)` initializes a vector and enters a loop that runs from 17 to 88. Inside the loop, it only adds even numbers less than 10 to the vector. Since all numbers in the range 17-88 are greater than or equal to 10, no elements are added, resulting in an empty vector. The assertion checks if the result is empty, which it is, so the assertion passes.

### final result
                - **assertion result**: **pass**"
